{"rmse": 8368.25739985288, "mae": 6362.629451444397, "r2": 0.5343066834474521}